‚½‚©‚Ν‚µ ‚έ‚Ω,11,–kC“Ή4‹ζ,,,‚‹΄,”ό•δ,‚½‚©‚Ν‚µ,‚έ‚Ω,52,σ–],,³,1,”δ—α,,”c¬R‚κ
‚Ά‚Ζ‚¤ ‚δ‚¤‚½,51,‹{ι1‹ζ,,,Ι“΅,—D‘Ύ,‚Ά‚Ζ‚¤,‚δ‚¤‚½,32,σ–],,V,0,”δ—α,,”c¬R‚κ
‚Ά‚ά‚Η‚ί ‚Θ‚¨‚Ζ,53,‹{ι1‹ζ,,,΅—―,®l,‚Ά‚ά‚Η‚ί,‚Θ‚¨‚Ζ,52,–³,,V,0,,,”c¬R‚κ
‚½‚©‚ή‚η ‚Θ‚¨‚β,61,‹{ι4‹ζ,,,‚‘Ί,’Ό–η,‚½‚©‚ή‚η,‚Θ‚¨‚β,34,‹¤Y,,V,0,,,”c¬R‚κ
‚ά‚Β‚¤‚η ‚Ύ‚Ά‚²,67,H“c1‹ζ,,,Ό‰Y,‘εε,‚ά‚Β‚¤‚η,‚Ύ‚Ά‚²,48,σ–],,V,0,”δ—α,,”c¬R‚κ
‚Ζ‚έ‚¨‚© ‚ ‚«‚η,74,H“c3‹ζ,,,•y‰,Ί,‚Ζ‚έ‚¨‚©,‚ ‚«‚η,67,‹¤Y,,V,0,,,”c¬R‚κ
‚ ‚η‚Ά ‚©‚ρ,76,R`1‹ζ,,,rδ,°,‚ ‚η‚Ά,‚©‚ρ,44,σ–],,V,0,”δ—α,,”c¬R‚κ
‚Π‚®‚Ώ ‚ά‚Ά,111,οι3‹ζ,,,”σϋ,•‘,‚Π‚®‚Ώ,‚ά‚Ά,44,σ–],ΫV,V,0,”δ—α,,”c¬R‚κ
‚ν‚½‚Θ‚Χ ‚έ‚δ‚«,132,“Θ–Ψ3‹ζ,,,“n•Σ,”ό—R‹I,‚ν‚½‚Θ‚Χ,‚έ‚δ‚«,58,σ–],,V,0,”δ—α,,”c¬R‚κ
‚Ά‚Μ‚­‚Ώ ‚³‚Ώ‚±,154,Q”n5‹ζ,,,’–ϋ,Kq,‚Ά‚Μ‚­‚Ώ,‚³‚Ώ‚±,61,σ–],,V,0,”δ—α,,”c¬R‚κ
‚Ά‚µ‚©‚ν ‚Π‚Ε‚δ‚«,163,ι‹Κ3‹ζ,,,Ξμ,‰ps,‚Ά‚µ‚©‚ν,‚Π‚Ε‚δ‚«,54,–³,,V,0,,,”c¬R‚κ
‚έ‚ν ‚ ‚³‚έ,164,ι‹Κ3‹ζ,,,O—Φ,–ƒ”ό,‚έ‚ν,‚ ‚³‚έ,30,σ–],,V,0,”δ—α,,”c¬R‚κ
‚½‚©‚¬ ‚Π‚Ε‚Σ‚έ,175,ι‹Κ5‹ζ,,,‚–Ψ,G•¶,‚½‚©‚¬,‚Π‚Ε‚Σ‚έ,44,σ–],ΫV,V,0,”δ—α,,”c¬R‚κ
‚©‚«‚Κ‚ά ‚Ν‚ι‚«,188,ι‹Κ10‹ζ,,,`ΐ,—y‹P,‚©‚«‚Κ‚ά,‚Ν‚ι‚«,34,‹¤Y,,V,0,,,”c¬R‚κ
‚«‚½‚Έ‚έ ‚ζ‚µ‚δ‚«,198,ι‹Κ13‹ζ,,,–kp,‰ΓK,‚«‚½‚Έ‚έ,‚ζ‚µ‚δ‚«,54,σ–],,V,0,”δ—α,,”c¬R‚κ
‚½‚―‚‚Ν‚η ‚δ‚έ‚±,216,η—t2‹ζ,,,’|ƒP΄,—T”όq,‚½‚―‚‚Ν‚η,‚δ‚έ‚±,46,σ–],,V,0,”δ—α,,”c¬R‚κ
‚¨‚©‚Μ ‚¶‚γ‚ρ‚±,227,η—t5‹ζ,,,‰–μ,ƒq,‚¨‚©‚Μ,‚¶‚γ‚ρ‚±,39,σ–],,V,0,”δ—α,,”c¬R‚κ
‚¦‚ρ‚Η‚¤ ‚Μ‚Τ‚Π‚±,228,η—t6‹ζ,,,‰““΅,ι•F,‚¦‚ρ‚Η‚¤,‚Μ‚Τ‚Π‚±,54,σ–],,³,1,”δ—α,,”c¬R‚κ
‚έ‚β‚©‚ν ‚µ‚ρ,252,η—t13‹ζ,,,‹{μ,L,‚έ‚β‚©‚ν,‚µ‚ρ,47,—§›,,V,0,”δ—α,,”c¬R‚κ
‚έ‚Έ‚Μ ‚Ζ‚ΰ‚Π‚±,255,η—t13‹ζ,,,…–μ,’q•F,‚έ‚Έ‚Μ,‚Ζ‚ΰ‚Π‚±,61,σ–],,³,1,”δ—α,,”c¬R‚κ
‚ά‚Β‚΄‚ν ‚©‚¨‚ι,256,“‹1‹ζ,,,Ό‘ς,,‚ά‚Β‚΄‚ν,‚©‚¨‚ι,39,σ–],,V,0,”δ—α,,”c¬R‚κ
‚ά‚½‚ζ‚µ ‚έ‚Β‚¨,259,“‹1‹ζ,,,–”‹g,υ—Y,‚ά‚½‚ζ‚µ,‚έ‚Β‚¨,73,””h,,V,0,,,”c¬R‚κ
‚Ά‚Κ‚ά‚ι ‚έ‚Β‚©,261,“‹1‹ζ,,,ΆΫ,υ‰Α,‚Ά‚Κ‚ά‚ι,‚έ‚Β‚©,57,””h,,V,0,,,”c¬R‚κ
‚Ν‚Ζ‚β‚ά ‚½‚λ‚¤,264,“‹2‹ζ,,,”µR,‘ΎY,‚Ν‚Ζ‚β‚ά,‚½‚λ‚¤,43,σ–],,V,0,”δ—α,,”c¬R‚κ
‚Θ‚ρ‚Ξ ‚έ‚Ώ‚ζ,270,“‹4‹ζ,,,“ο”g,”ό’q‘γ,‚Θ‚ρ‚Ξ,‚έ‚Ώ‚ζ,43,σ–],,V,0,”δ—α,,”c¬R‚κ
‚¤‚¦‚ά‚Β ‚¦‚έ‚±,278,“‹6‹ζ,,,AΌ,b”όq,‚¤‚¦‚ά‚Β,‚¦‚έ‚±,49,σ–],,V,0,”δ—α,,”c¬R‚κ
‚ ‚η‚« ‚ ‚«‚Π‚λ,281,“‹7‹ζ,,,r–Ψ,Ν”,‚ ‚η‚«,‚ ‚«‚Π‚λ,64,σ–],,V,0,”δ—α,,”c¬R‚κ
‚Ά‚Μ‚¤‚¦ ‚Ά‚­‚ά,282,“‹7‹ζ,,,δγ,θ–,‚Ά‚Μ‚¤‚¦,‚Ά‚­‚ά,26,–³,,V,0,,,”c¬R‚κ
‚ά‚Η‚© ‚ζ‚θ‚±,284,“‹8‹ζ,,,‰~,‚ζ‚θq,‚ά‚Η‚©,‚ζ‚θ‚±,70,–³,,V,0,,,”c¬R‚κ
‚³‚Ά‚Ζ‚¤ ‚Ά‚­‚ά,285,“‹8‹ζ,,,Φ“΅,θ^,‚³‚Ά‚Ζ‚¤,‚Ά‚­‚ά,29,””h,,V,0,,,”c¬R‚κ
‚½‚©‚ά‚Β ‚³‚Ζ‚µ,289,“‹9‹ζ,,,‚Ό,’q”V,‚½‚©‚ά‚Β,‚³‚Ζ‚µ,43,σ–],,V,0,”δ—α,,”c¬R‚κ
‚ά‚¦‚Ύ ‚ζ‚µ‚Θ‚θ,292,“‹9‹ζ,,,‘O“c,‹g¬,‚ά‚¦‚Ύ,‚ζ‚µ‚Θ‚θ,62,–³,,V,0,,,”c¬R‚κ
‚±‚β‚ά ‚Ζ‚¨‚ι,298,“‹10‹ζ,,,¬R,“O,‚±‚β‚ά,‚Ζ‚¨‚ι,42,–³,,V,0,,,”c¬R‚κ
‚µ‚µ‚Η ‚Ώ‚¦,299,“‹11‹ζ,,,³Λ,ηG,‚µ‚µ‚Η,‚Ώ‚¦,39,σ–],,V,0,”δ—α,,”c¬R‚κ
‚±‚Γ‚Β‚έ ‚ ‚Έ‚ά,302,“‹11‹ζ,,,¬’η,“,‚±‚Γ‚Β‚έ,‚ ‚Έ‚ά,28,‹¤Y,,V,0,,,”c¬R‚κ
‚Θ‚©‚ή‚η ‚ά‚³‚ι,303,“‹12‹ζ,,,’†‘Ί,,‚Θ‚©‚ή‚η,‚ά‚³‚ι,66,””h,,V,0,,,”c¬R‚κ
‚β‚Ν‚¬ ‚ ‚³‚±,309,“‹14‹ζ,,,–ξμ,–ƒq,‚β‚Ν‚¬,‚ ‚³‚±,39,σ–],,V,0,”δ—α,,”c¬R‚κ
‚¨‚¨‚Β‚© ‚«‚­‚¨,313,“‹14‹ζ,,,‘ε’Λ,‹I‹v—Y,‚¨‚¨‚Β‚©,‚«‚­‚¨,76,–³,,V,0,,,”c¬R‚κ
‚½‚ή‚η ‚―‚ρ‚¶,320,“‹16‹ζ,,,“c‘Ί,΅,‚½‚ή‚η,‚―‚ρ‚¶,49,σ–],,³,3,”δ—α,,”c¬R‚κ
‚Ι‚µ‚Ύ ‚Ώ‚©‚η,323,“‹17‹ζ,,,Ό“c,εΕ,‚Ι‚µ‚Ύ,‚Ώ‚©‚η,55,σ–],,V,0,”δ—α,,”c¬R‚κ
‚Ζ‚«‚½ ‚ ‚Β‚µ,324,“‹18‹ζ,,,“Ό“c,“Φ,‚Ζ‚«‚½,‚ ‚Β‚µ,51,σ–],,V,0,”δ—α,,”c¬R‚κ
‚³‚³‚« ‚θ‚©,327,“‹19‹ζ,,,²X–Ψ,—Ά‰Α,‚³‚³‚«,‚θ‚©,50,σ–],,V,0,”δ—α,,”c¬R‚κ
‚ ‚ά‚« ‚Θ‚¨‚Ζ,336,“‹21‹ζ,,,“V–Ψ,’Όl,‚ ‚ά‚«,‚Θ‚¨‚Ζ,70,””h,,V,0,,,”c¬R‚κ
‚©‚Θ‚‚³‚« ‚¦‚έ,340,“‹22‹ζ,,,‹ΰƒPθ,G”ό,‚©‚Θ‚‚³‚«,‚¦‚έ,41,σ–],,V,0,”δ—α,,”c¬R‚κ
‚ζ‚µ‚Ξ ‚έ‚©,345,“‹24‹ζ,,,‹g‰H,”ό‰Ψ,‚ζ‚µ‚Ξ,‚έ‚©,37,σ–],,V,0,”δ—α,,”c¬R‚κ
‚Θ‚‚µ‚ά ‚©‚Έ‚ζ‚µ,354,_“ήμ1‹ζ,,,’·“‡,κ—R,‚Θ‚‚µ‚ά,‚©‚Έ‚ζ‚µ,50,σ–],,³,1,”δ—α,,”c¬R‚κ
‚Ν‚µ‚ΰ‚Ζ ‚­‚έ,359,_“ήμ2‹ζ,,,‹΄–{,‹v”ό,‚Ν‚µ‚ΰ‚Ζ,‚­‚έ,48,σ–],,V,0,”δ—α,,”c¬R‚κ
‚Ά‚Ζ‚¤ ‚­‚έ‚±,363,_“ήμ3‹ζ,,,Ι“΅,‹v”όq,‚Ά‚Ζ‚¤,‚­‚έ‚±,57,–³,—§›,V,0,,,”c¬R‚κ
‚©‚΄‚ά ‚Μ‚θ‚±,368,_“ήμ4‹ζ,,,•—Τ,–@q,‚©‚΄‚ά,‚Μ‚θ‚±,47,σ–],ΫV,V,0,”δ—α,,”c¬R‚κ
‚ζ‚µ‚¨‚© ‚―‚ρ‚¶,371,_“ήμ5‹ζ,,,‹g‰,›j,‚ζ‚µ‚¨‚©,‚―‚ρ‚¶,39,σ–],,V,0,”δ—α,,”c¬R‚κ
‚©‚ν‚Μ ‚ ‚ρ,376,_“ήμ7‹ζ,,,μ–μ,Δ,‚©‚ν‚Μ,‚ ‚ρ,35,σ–],,V,0,”δ—α,,”c¬R‚κ
‚¨‚¨‚Ι‚µ ‚Β‚Λ‚«,379,_“ήμ8‹ζ,,,‘εΌ,Pχ,‚¨‚¨‚Ι‚µ,‚Β‚Λ‚«,53,””h,,V,0,,,”c¬R‚κ
‚Ά‚Ώ‚©‚ν ‚ζ‚µ‚±,385,_“ήμ10‹ζ,,,sμ,‰ΐq,‚Ά‚Ώ‚©‚ν,‚ζ‚µ‚±,53,σ–],,V,0,”δ—α,,”c¬R‚κ
‚Ν‚η ‚Δ‚ι‚¨,392,_“ήμ12‹ζ,,,΄,‹P—Y,‚Ν‚η,‚Δ‚ι‚¨,43,σ–],,V,0,”δ—α,,”c¬R‚κ
‚έ‚ή‚η ‚ζ‚Ά‚Ώ,418,Vƒ3‹ζ,,,O‘Ί,—_κ,‚έ‚ή‚η,‚ζ‚Ά‚Ώ,71,–³,,V,0,,,”c¬R‚κ
‚ ‚¨‚β‚ά ‚θ‚ε‚¤‚·‚―,430,•xR1‹ζ,,,ΒR,—Ή‰ξ,‚ ‚¨‚β‚ά,‚θ‚ε‚¤‚·‚―,42,‹¤Y,,V,0,,,”c¬R‚κ
‚±‚ά‚ή‚η ‚δ‚«‚Θ‚θ,464,’·–μ1‹ζ,,,‹ξ‘Ί,K¬,‚±‚ά‚ή‚η,‚δ‚«‚Θ‚θ,61,””h,,V,0,,,”c¬R‚κ
‚Θ‚©‚‚ν ‚Π‚λ‚¶,467,’·–μ2‹ζ,,,’†μ,”i,‚Θ‚©‚‚ν,‚Π‚λ‚¶,59,Π–―,,V,0,”δ—α,,”c¬R‚κ
‚»‚ ‚Ά‚Β‚λ‚¤,476,’·–μ5‹ζ,,,‘]‰δ,νY,‚»‚,‚Ά‚Β‚λ‚¤,61,–³,‹¤Y/Π–―,V,0,,,”c¬R‚κ
‚Ν‚Α‚Ζ‚θ ‚½‚Ά‚·‚―,482,ς•1‹ζ,,,••”,‘Χ•γ,‚Ν‚Α‚Ζ‚θ,‚½‚Ά‚·‚―,36,–³,,V,0,,,”c¬R‚κ
‚±‚έ‚β‚ά ‚¦‚έ‚±,489,ς•4‹ζ,,,βΔR,b”όq,‚±‚έ‚β‚ά,‚¦‚έ‚±,63,‹¤Y,,V,0,,,”c¬R‚κ
‚·‚Έ‚« ‚Μ‚Ό‚ή,501,Γ‰3‹ζ,,,—ι–Ψ,–],‚·‚Έ‚«,‚Μ‚Ό‚ή,68,σ–],,³,1,”δ—α,,”c¬R‚κ
‚³‚Ζ‚¤ ‚δ‚¤‚±,521,¤’m1‹ζ,,,²“΅,—[q,‚³‚Ζ‚¤,‚δ‚¤‚±,54,σ–],,³,1,”δ—α,,”c¬R‚κ
‚ζ‚² ‚³‚β‚©,527,¤’m3‹ζ,,,—]κ,α–λ,‚ζ‚²,‚³‚β‚©,39,σ–],,V,0,”δ—α,,”c¬R‚κ
‚Ι‚µ‚Ύ ‚Ζ‚µ‚±,529,¤’m4‹ζ,,,Ό“c,•qq,‚Ι‚µ‚Ύ,‚Ζ‚µ‚±,63,‹¤Y,,V,0,,,”c¬R‚κ
‚Μ‚Μ‚Χ ‚Θ‚¨‚ ‚«,532,¤’m5‹ζ,,,–μX•”,®Ί,‚Μ‚Μ‚Χ,‚Θ‚¨‚ ‚«,47,σ–],,V,0,”δ—α,,”c¬R‚κ
‚έ‚β‚Ώ ‚Ά‚³‚¨,555,¤’m12‹ζ,,,‹{’n,M,‚έ‚β‚Ώ,‚Ά‚³‚¨,63,‹¤Y,,V,0,,,”c¬R‚κ
‚Μ‚΄‚ν ‚β‚·‚δ‚«,565,¤’m15‹ζ,,,–μ‘ς,NK,‚Μ‚΄‚ν,‚β‚·‚δ‚«,29,‹¤Y,,V,0,,,”c¬R‚κ
‚±‚³‚© ‚ζ‚µ‚±,577, ‰κ1‹ζ,,,¬β,iq,‚±‚³‚©,‚ζ‚µ‚±,77,Π–―,,V,0,”δ—α,,”c¬R‚κ
‚©‚Ύ ‚δ‚«‚±,579, ‰κ1‹ζ,,,‰Γ“c,—R‹Iq,‚©‚Ύ,‚δ‚«‚±,67,–³,,V,0,,,”c¬R‚κ
‚½‚Ά‚°‚Β ‚¶‚µ‚ε‚¤,583, ‰κ2‹ζ,,,‘Ξ,Ζ,‚½‚Ά‚°‚Β,‚¶‚µ‚ε‚¤,64,–³,,V,0,,,”c¬R‚κ
‚µ‚ά‚ή‚η ‚Ή‚Ά‚±,592,‹“s1‹ζ,,,“‘Ί,Ήq,‚µ‚ά‚ή‚η,‚Ή‚Ά‚±,40,σ–],,V,0,”δ—α,,”c¬R‚κ
‚¨‚Ύ‚¬‚θ ‚µ‚ρ‚Ά‚Ώ‚λ‚¤,600,‹“s3‹ζ,,,¬“cΨ,VκY,‚¨‚Ύ‚¬‚θ,‚µ‚ρ‚Ά‚Ώ‚λ‚¤,71,–³,,V,0,,,”c¬R‚κ
‚Ά‚Μ‚¤‚¦ ‚©‚Έ‚Μ‚θ,605,‹“s5‹ζ,,,δγ,κ“Ώ,‚Ά‚Μ‚¤‚¦,‚©‚Έ‚Μ‚θ,55,σ–],,V,0,”δ—α,,”c¬R‚κ
‚Θ‚©‚β‚ά ‚β‚·‚µ,606,‹“s5‹ζ,,,’†R,‘Χ,‚Θ‚©‚β‚ά,‚β‚·‚µ,57,–³,,V,0,,,”c¬R‚κ
‚±‚Ά‚Έ‚έ ‚µ‚γ‚¤‚Φ‚Ά,615,‘εγ1‹ζ,,,¬ς,C•½,‚±‚Ά‚Έ‚έ,‚µ‚γ‚¤‚Φ‚Ά,70,””h,,V,0,,,”c¬R‚κ
‚ή‚η‚©‚έ ‚Μ‚θ‚ ‚Β,616,‘εγ1‹ζ,,,‘Ίγ,‰κϊ,‚ή‚η‚©‚έ,‚Μ‚θ‚ ‚Β,58,—§›,,V,0,”δ—α,,”c¬R‚κ
‚Ώ‚γ‚¤‚¶‚ε‚¤ ‚¦‚Ά‚½‚λ‚¤,623,‘εγ3‹ζ,,,’†π,‰h‘ΎY,‚Ώ‚γ‚¤‚¶‚ε‚¤,‚¦‚Ά‚½‚λ‚¤,48,–³,,V,0,,,”c¬R‚κ
‚Μ‚®‚Ώ ‚½‚―‚έ‚Β,687,•ΊΙ4‹ζ,,,–μϋ,Πυ,‚Μ‚®‚Ώ,‚½‚―‚έ‚Β,43,σ–],,V,0,”δ—α,,”c¬R‚κ
‚Ι‚µ‚Θ‚© ‚½‚©‚¨,689,•ΊΙ5‹ζ,,,Ό’†,F’j,‚Ι‚µ‚Θ‚©,‚½‚©‚¨,68,‹¤Y,,V,0,,,”c¬R‚κ
‚Ά‚­‚ή‚η ‚Θ‚¨‚±,692,•ΊΙ6‹ζ,,,τ‘Ί,“ή‰q,‚Ά‚­‚ή‚η,‚Θ‚¨‚±,37,σ–],,V,0,”δ—α,,”c¬R‚κ
‚©‚ν‚Ζ ‚β‚·‚µ,704,•ΊΙ9‹ζ,,,μΛ,Nk,‚©‚ν‚Ζ,‚β‚·‚µ,42,σ–],,V,0,”δ—α,,”c¬R‚κ
‚Β‚° ‚ ‚Β‚Π‚Ζ,707,•ΊΙ10‹ζ,,,’ΡA,ϊl,‚Β‚°,‚ ‚Β‚Π‚Ζ,45,σ–],,V,0,”δ—α,,”c¬R‚κ
‚Ά‚Θ‚ή‚η ‚³‚Ζ‚ι,710,•ΊΙ11‹ζ,,,ξ‘Ί,’m,‚Ά‚Θ‚ή‚η,‚³‚Ζ‚ι,57,‹¤Y,,V,0,,,”c¬R‚κ
‚ά‚Β‚ΰ‚Ζ ‚ά‚³‚δ‚«,718,“ή—Η2‹ζ,,,Ό–{,Ή”V,‚ά‚Β‚ΰ‚Ζ,‚ά‚³‚δ‚«,34,σ–],,V,0,”δ—α,,”c¬R‚κ
‚Ν‚Ώ‚β ‚Π‚λ‚έ,745,‰R1‹ζ,,,–I’J,O”ό,‚Ν‚Ώ‚β,‚Π‚λ‚έ,61,σ–],,V,0,”δ—α,,”c¬R‚κ
‚¤‚Ώ‚β‚ά ‚ ‚«‚η,751,‰R3‹ζ,,,“ΰR,W,‚¤‚Ώ‚β‚ά,‚ ‚«‚η,63,σ–],,³,3,”δ—α,,”c¬R‚κ
‚Π‚η‚Κ‚ά ‚µ‚ε‚¤‚¶‚λ‚¤,752,‰R3‹ζ,,,•½ΐ,³“ρY,‚Π‚η‚Κ‚ά,‚µ‚ε‚¤‚¶‚λ‚¤,37,–³,,V,0,,,”c¬R‚κ
‚½‚ι‚Ά ‚ζ‚µ‚©‚Έ,758,‰R5‹ζ,,,’Mδ,—Ηa,‚½‚ι‚Ά,‚ζ‚µ‚©‚Έ,50,σ–],,³,1,”δ—α,,”c¬R‚κ
‚Ά‚ά‚¦‚Ύ ‚¶‚ρ,770,L“‡3‹ζ,,,΅},m,‚Ά‚ά‚¦‚Ύ,‚¶‚ρ,47,ΫV,,V,0,”δ—α,,”c¬R‚κ
‚½‚ά‚Ύ ‚Μ‚θ‚½‚©,771,L“‡3‹ζ,,,‹Κ“c,›M,‚½‚ά‚Ύ,‚Μ‚θ‚½‚©,60,–³,,V,0,,,”c¬R‚κ
‚Ι‚µ‚ΰ‚Ζ ‚ ‚«‚Π‚±,772,L“‡3‹ζ,,,Ό–{,Ί•F,‚Ι‚µ‚ΰ‚Ζ,‚ ‚«‚Π‚±,72,–³,,V,0,,,”c¬R‚κ
‚¨‚Ώ‚ ‚Ά ‚ζ‚¤‚¶,776,L“‡4‹ζ,,,—‡,—mi,‚¨‚Ώ‚ ‚Ά,‚ζ‚¤‚¶,53,–³,,V,0,,,”c¬R‚κ
‚¤‚¦‚Μ ‚©‚ρ‚¶,778,L“‡4‹ζ,,,γ–μ,°΅,‚¤‚¦‚Μ,‚©‚ρ‚¶,35,σ–],,V,0,”δ—α,,”c¬R‚κ
‚Ν‚µ‚ΰ‚Ζ ‚±‚Ζ‚¦,781,L“‡5‹ζ,,,‹΄–{,‹ΥG,‚Ν‚µ‚ΰ‚Ζ,‚±‚Ζ‚¦,28,σ–],,V,0,”δ—α,,”c¬R‚κ
‚Δ‚η‚Ύ ‚ ‚«‚έ‚Β,783,L“‡6‹ζ,,,›“c,–Ύ[,‚Δ‚η‚Ύ,‚ ‚«‚έ‚Β,66,‹¤Y,,V,0,,,”c¬R‚κ
‚Σ‚¶‚½ ‚Ζ‚«‚¨,797,Rϋ4‹ζ,,,“΅“c,—Y,‚Σ‚¶‚½,‚Ζ‚«‚¨,63,σ–],,V,0,”δ—α,,”c¬R‚κ
‚­‚λ‚©‚ν ‚ ‚Β‚Π‚±,799,Rϋ4‹ζ,,,•μ,“Φ•F,‚­‚λ‚©‚ν,‚ ‚Β‚Π‚±,39,–³,,V,0,,,”c¬R‚κ
‚±‚¨‚θ ‚ ‚«‚Π‚λ,800,Rϋ4‹ζ,,,S,Ί_,‚±‚¨‚θ,‚ ‚«‚Π‚λ,56,–³,,V,0,,,”c¬R‚κ
‚³‚­‚η‚¤‚Ώ ‚Σ‚έ‚«,826,¤•Q4‹ζ,,,χ“ΰ,•¶ι,‚³‚­‚η‚¤‚Ώ,‚Σ‚έ‚«,52,σ–],,³,1,”δ—α,,”c¬R‚κ
‚Ι‚µ‚Ά ‚Θ‚¨‚Π‚Ζ,827,¤•Q4‹ζ,,,Όδ,’Όl,‚Ι‚µ‚Ά,‚Θ‚¨‚Π‚Ζ,60,‹¤Y,,V,0,,,”c¬R‚κ
‚Ά‚µ‚Ά ‚Π‚Ε‚Ζ‚µ,834,•‰1‹ζ,,,Ξδ,‰pr,‚Ά‚µ‚Ά,‚Π‚Ε‚Ζ‚µ,41,σ–],,V,0,”δ—α,,”c¬R‚κ
‚ή‚η‚©‚έ ‚Ζ‚ΰ‚Μ‚Τ,863,•‰11‹ζ,,,‘Ίγ,’qM,‚ή‚η‚©‚έ,‚Ζ‚ΰ‚Μ‚Τ,48,σ–],,V,0,”δ—α,,”c¬R‚κ
‚β‚ά‚®‚Ώ ‚Ν‚Β‚έ,876,’·θ2‹ζ,,,Rϋ,‰›‰,‚β‚ά‚®‚Ώ,‚Ν‚Β‚έ,69,σ–],,V,0,”δ—α,,”c¬R‚κ
‚Ν‚Θ‚ν ‚Ζ‚ΰ‚Σ‚έ,911,‹{θ3‹ζ,,,‰Τ—Φ,’qj,‚Ν‚Θ‚ν,‚Ζ‚ΰ‚Σ‚έ,51,σ–],,V,0,”δ—α,,”c¬R‚κ
‚β‚·‚¨‚© ‚Π‚λ‚½‚―,915,­™“‡1‹ζ,,,•Ϋ‰,G•,‚β‚·‚¨‚©,‚Π‚λ‚½‚―,44,©–―,φ–Ύ,V,0,,,”c¬R‚κ
‚Ν‚β‚µ ‚―‚ρ‚¶,916,­™“‡2‹ζ,,,—Ρ,’“ρ,‚Ν‚β‚µ,‚―‚ρ‚¶,40,–³,,V,0,,,”c¬R‚κ
‚³‚Ά‚Ζ‚¤ ‚©‚ζ,918,­™“‡2‹ζ,,,Φ“΅,‰ΐ‘γ,‚³‚Ά‚Ζ‚¤,‚©‚ζ,38,σ–],,V,0,”δ—α,,”c¬R‚κ
‚·‚Έ‚« ‚ή‚Λ‚¨,939,,–kC“Ή,8,—ι–Ψ,@’j,‚·‚Έ‚«,‚ή‚Λ‚¨,69,V“}‘ε’n,,³,8,,1,”c¬R‚κ
‚ ‚Χ ‚Ώ‚³‚Ζ,940,,–kC“Ή,8,Ά•”,η—Ά,‚ ‚Χ,‚Ώ‚³‚Ζ,27,V“}‘ε’n,,V,0,,2,”c¬R‚κ
‚µ‚έ‚Έ ‚Ή‚Ά‚Ά‚Ώ,959,,–kC“Ή,8,΄…,½κ,‚µ‚έ‚Έ,‚Ή‚Ά‚Ά‚Ώ,68,©—R–―ε“},,³,1,,14,”c¬R‚κ
‚©‚Θ‚΄‚ν ‚Ώ‚©‚±,960,,–kC“Ή,8,‹ΰ‘ς,’m‰Μq,‚©‚Θ‚΄‚ν,‚Ώ‚©‚±,52,©—R–―ε“},,V,0,,15,”c¬R‚κ
‚½‚©‚Ν‚µ ‚έ‚Ω,962,,–kC“Ή,8,‚‹΄,”ό•δ,‚½‚©‚Ν‚µ,‚έ‚Ω,52,σ–]‚Μ“},,³,1,–kC“Ή4‹ζ,1,”c¬R‚κ
‚ ‚¨‚« ‚©‚Έ‚±,965,,–kC“Ή,8,Β–Ψ,aq,‚ ‚¨‚«,‚©‚Έ‚±,47,σ–]‚Μ“},,V,0,,5,”c¬R‚κ
‚έ‚ζ‚µ ‚µ‚ρ‚¶,966,,–kC“Ή,8,OD,V΅,‚έ‚ζ‚µ,‚µ‚ρ‚¶,57,σ–]‚Μ“},,V,0,,6,”c¬R‚κ
‚Μ‚Ά‚Ώ ‚Π‚λ‚µ,976,,–kC“Ή,8,–μs,—Ti,‚Μ‚Ά‚Ώ,‚Π‚λ‚µ,53,K•ΐ»“},,V,0,,1,”c¬R‚κ
‚Θ‚©‚¶‚ά ‚Π‚Ε‚¨,977,,–kC“Ή,8,’†“‡,G—Y,‚Θ‚©‚¶‚ά,‚Π‚Ε‚¨,68,K•ΐ»“},,V,0,,2,”c¬R‚κ
‚Ζ‚ζ‚ά‚« ‚«‚Κ‚±,978,,–kC“Ή,8,–L,¦q,‚Ζ‚ζ‚ά‚«,‚«‚Κ‚±,62,Π‰ο–―ε“},,V,0,,1,”c¬R‚κ
‚½‚©‚Ν‚µ ‚©‚Β‚β,984,,“–k,13,‚‹΄,–η,‚½‚©‚Ν‚µ,‚©‚Β‚β,32,“ϊ–{‚Μ‚±‚±‚λ,,V,0,,1,”c¬R‚κ
‚έ‚©‚έ ‚½‚―‚µ,987,,“–k,13,Oγ,•u,‚έ‚©‚έ,‚½‚―‚µ,66,Π‰ο–―ε“},,V,0,,3,”c¬R‚κ
‚Σ‚Θ‚β‚ά ‚δ‚έ,989,,“–k,13,δtR,—R”ό,‚Σ‚Θ‚β‚ά,‚δ‚έ,49,“ϊ–{‹¤Y“},,V,0,,2,”c¬R‚κ
‚β‚Θ‚Ά ‚Π‚Α‚µ‚ε‚¤,992,,“–k,13,–ξ“ΰ,•M,‚β‚Θ‚Ά,‚Π‚Α‚µ‚ε‚¤,56,K•ΐ»“},,V,0,,1,”c¬R‚κ
‚Ά‚µ‚©‚ν ‚έ‚«‚±,993,,“–k,13,Ξμ,²q,‚Ά‚µ‚©‚ν,‚έ‚«‚±,52,K•ΐ»“},,V,0,,2,”c¬R‚κ
‚³‚Ζ‚¤ ‚¶‚γ‚ρ‚λ‚¤,994,,“–k,13,²“΅,ƒY,‚³‚Ζ‚¤,‚¶‚γ‚ρ‚λ‚¤,63,K•ΐ»“},,V,0,,3,”c¬R‚κ
‚ή‚η‚©‚έ ‚Σ‚έ‚Ζ,1020,,“–k,13,‘Ίγ,•¶l,‚ή‚η‚©‚έ,‚Σ‚έ‚Ζ,67,©—R–―ε“},,V,0,,26,”c¬R‚κ
‚Ζ‚«‚ν ‚µ‚°‚«,1021,,“–k,13,ν”Υ,–Ξχ,‚Ζ‚«‚ν,‚µ‚°‚«,47,©—R–―ε“},,V,0,,27,”c¬R‚κ
‚Ά‚Ζ‚¤ ‚δ‚¤‚½,1028,,“–k,13,Ι“΅,—D‘Ύ,‚Ά‚Ζ‚¤,‚δ‚¤‚½,32,σ–]‚Μ“},,V,0,‹{ι1‹ζ,2,”c¬R‚κ
‚ά‚Β‚¤‚η ‚Ύ‚Ά‚²,1031,,“–k,13,Ό‰Y,‘εε,‚ά‚Β‚¤‚η,‚Ύ‚Ά‚²,48,σ–]‚Μ“},,V,0,H“c1‹ζ,2,”c¬R‚κ
‚ ‚η‚Ά ‚©‚ρ,1034,,“–k,13,rδ,°,‚ ‚η‚Ά,‚©‚ρ,44,σ–]‚Μ“},,V,0,R`1‹ζ,2,”c¬R‚κ
‚¤‚³‚έ ‚Μ‚Ϊ‚ι,1040,,“–k,13,‰F²”ό,“o,‚¤‚³‚έ,‚Μ‚Ϊ‚ι,50,σ–]‚Μ“},,³,2,,19,”c¬R‚κ
‚½‚©‚ά‚Β ‚©‚Έ‚¨,1041,,“–k,13,‚Ό,a•v,‚½‚©‚ά‚Β,‚©‚Έ‚¨,75,σ–]‚Μ“},,³,1,,20,”c¬R‚κ
‚Π‚®‚Ώ ‚ά‚Ά,1048,,–kΦ“,19,”σϋ,•‘,‚Π‚®‚Ώ,‚ά‚Ά,44,σ–]‚Μ“},ΫV,V,0,οι3‹ζ,1,”c¬R‚κ
‚ν‚½‚Θ‚Χ ‚έ‚δ‚«,1053,,–kΦ“,19,“n•Σ,”ό—R‹I,‚ν‚½‚Θ‚Χ,‚έ‚δ‚«,58,σ–]‚Μ“},,V,0,“Θ–Ψ3‹ζ,1,”c¬R‚κ
‚Ά‚Μ‚­‚Ώ ‚³‚Ώ‚±,1059,,–kΦ“,19,’–ϋ,Kq,‚Ά‚Μ‚­‚Ώ,‚³‚Ώ‚±,61,σ–]‚Μ“},,V,0,Q”n5‹ζ,1,”c¬R‚κ
‚έ‚ν ‚ ‚³‚έ,1062,,–kΦ“,19,O—Φ,–ƒ”ό,‚έ‚ν,‚ ‚³‚έ,30,σ–]‚Μ“},,V,0,ι‹Κ3‹ζ,1,”c¬R‚κ
‚½‚©‚¬ ‚Π‚Ε‚Σ‚έ,1064,,–kΦ“,19,‚–Ψ,G•¶,‚½‚©‚¬,‚Π‚Ε‚Σ‚έ,44,σ–]‚Μ“},ΫV,V,0,ι‹Κ5‹ζ,1,”c¬R‚κ
‚«‚½‚Έ‚έ ‚ζ‚µ‚δ‚«,1072,,–kΦ“,19,–kp,‰ΓK,‚«‚½‚Έ‚έ,‚ζ‚µ‚δ‚«,54,σ–]‚Μ“},,V,0,ι‹Κ13‹ζ,1,”c¬R‚κ
‚Θ‚‚Ά ‚β‚ζ‚Ά,1075,,–kΦ“,19,‰iδ,–ν¶,‚Θ‚‚Ά,‚β‚ζ‚Ά,53,σ–]‚Μ“},,V,0,,30,”c¬R‚κ
‚β‚ά‚µ‚½ ‚»‚¤,1076,,–kΦ“,19,R‰Ί,’,‚β‚ά‚µ‚½,‚»‚¤,44,σ–]‚Μ“},,V,0,,31,”c¬R‚κ
‚Θ‚έ‚« ‚ά‚³‚ζ‚µ,1077,,–kΦ“,19,•ΐ–Ψ,³–F,‚Θ‚έ‚«,‚ά‚³‚ζ‚µ,68,σ–]‚Μ“},,³,2,,32,”c¬R‚κ
‚±‚¶‚ά ‚Ά‚Ώ‚λ‚¤,1089,,–kΦ“,19,¬“‡,κY,‚±‚¶‚ά,‚Ά‚Ώ‚λ‚¤,46,K•ΐ»“},,V,0,,1,”c¬R‚κ
‚ΰ‚θ‚½ ‚½‚©‚δ‚«,1090,,–kΦ“,19,X“c,‹Ms,‚ΰ‚θ‚½,‚½‚©‚δ‚«,46,K•ΐ»“},,V,0,,2,”c¬R‚κ
‚έ‚Β‚Ν‚µ ‚ ‚―‚έ,1091,,–kΦ“,19,OζX,–Ύ”ό,‚έ‚Β‚Ν‚µ,‚ ‚―‚έ,55,K•ΐ»“},,V,0,,3,”c¬R‚κ
‚³‚Ά‚Ζ‚¤ ‚ζ‚µ‚¨,1092,,–kΦ“,19,Δ“΅,–F’j,‚³‚Ά‚Ζ‚¤,‚ζ‚µ‚¨,60,K•ΐ»“},,V,0,,4,”c¬R‚κ
‚³‚Ζ‚¤ ‚ ‚«‚¨,1129,,–kΦ“,19,²“΅,–Ύ’j,‚³‚Ζ‚¤,‚ ‚«‚¨,65,©—R–―ε“},,V,0,,31,”c¬R‚κ
‚Π‚α‚­‚½‚― ‚«‚έ‚Ώ‚©,1130,,–kΦ“,19,•S•,φe,‚Π‚α‚­‚½‚―,‚«‚έ‚Ώ‚©,55,©—R–―ε“},,V,0,,32,”c¬R‚κ
‚©‚ρ‚Ύ ‚δ‚½‚©,1131,,–kΦ“,19,_“c,—T,‚©‚ρ‚Ύ,‚δ‚½‚©,59,©—R–―ε“},,V,0,,33,”c¬R‚κ
‚β‚ά‚ν‚« ‚½‚©‚¨,1132,,–kΦ“,19,Re,F—Y,‚β‚ά‚ν‚«,‚½‚©‚¨,60,©—R–―ε“},,V,0,,34,”c¬R‚κ
‚³‚³‚¨ ‚―‚ρ‚¶,1133,,–kΦ“,19,ω”φ,›i,‚³‚³‚¨,‚―‚ρ‚¶,68,©—R–―ε“},,V,0,,35,”c¬R‚κ
‚έ‚β‚©‚ν ‚µ‚ρ,1146,,“μΦ“,22,‹{μ,L,‚έ‚β‚©‚ν,‚µ‚ρ,47,—§›–―ε“},,V,0,η—t13‹ζ,1,”c¬R‚κ
‚¤‚¦‚Μ ‚Π‚λ‚µ,1190,,“μΦ“,22,γ–μ,Gj,‚¤‚¦‚Μ,‚Π‚λ‚µ,46,©—R–―ε“},,³,1,,32,”c¬R‚κ
‚Ε‚Ξ‚½ ‚έ‚Μ‚ι,1191,,“μΦ“,22,o”¨,ΐ,‚Ε‚Ξ‚½,‚έ‚Μ‚ι,67,©—R–―ε“},,V,0,,33,”c¬R‚κ
‚Ζ‚‚ν ‚ά‚³‚ ‚«,1192,,“μΦ“,22,Oμ,³–Ύ,‚Ζ‚‚ν,‚ά‚³‚ ‚«,62,©—R–―ε“},,V,0,,34,”c¬R‚κ
‚¨‚Ξ‚½ ‚©‚Έ‚Π‚λ,1193,,“μΦ“,22,¬”¦,aO,‚¨‚Ξ‚½,‚©‚Έ‚Π‚λ,59,©—R–―ε“},,V,0,,35,”c¬R‚κ
‚¶‚ρ‚ή ‚³‚­‚η‚±,1194,,“μΦ“,22,_•,χq,‚¶‚ρ‚ή,‚³‚­‚η‚±,31,K•ΐ»“},,V,0,,1,”c¬R‚κ
‚Σ‚ι‚©‚ν ‚δ‚¤‚Ό‚¤,1195,,“μΦ“,22,Γμ,—TO,‚Σ‚ι‚©‚ν,‚δ‚¤‚Ό‚¤,35,K•ΐ»“},,V,0,,2,”c¬R‚κ
‚¨‚³‚ή‚η ‚β‚·‚Π‚λ,1196,,“μΦ“,22,’·‘Ί,N”,‚¨‚³‚ή‚η,‚β‚·‚Π‚λ,55,K•ΐ»“},,V,0,,3,”c¬R‚κ
‚½‚©‚Ν‚µ ‚ ‚«‚η,1197,,“μΦ“,22,‚‹΄,²,‚½‚©‚Ν‚µ,‚ ‚«‚η,74,K•ΐ»“},,V,0,,4,”c¬R‚κ
‚ζ‚­‚Ι ‚Π‚Ε‚δ‚«,1198,,“μΦ“,22,—^‘,Gs,‚ζ‚­‚Ι,‚Π‚Ε‚δ‚«,41,K•ΐ»“},,V,0,,5,”c¬R‚κ
‚½‚―‚‚Ν‚η ‚δ‚έ‚±,1200,,“μΦ“,22,’|ƒP΄,—T”όq,‚½‚―‚‚Ν‚η,‚δ‚έ‚±,46,σ–]‚Μ“},,V,0,η—t2‹ζ,1,”c¬R‚κ
‚¨‚©‚Μ ‚¶‚γ‚ρ‚±,1202,,“μΦ“,22,‰–μ,ƒq,‚¨‚©‚Μ,‚¶‚γ‚ρ‚±,39,σ–]‚Μ“},,V,0,η—t5‹ζ,1,”c¬R‚κ
‚¦‚ρ‚Η‚¤ ‚Μ‚Τ‚Π‚±,1203,,“μΦ“,22,‰““΅,ι•F,‚¦‚ρ‚Η‚¤,‚Μ‚Τ‚Π‚±,54,σ–]‚Μ“},,³,1,η—t6‹ζ,1,”c¬R‚κ
‚έ‚Έ‚Μ ‚Ζ‚ΰ‚Π‚±,1210,,“μΦ“,22,…–μ,’q•F,‚έ‚Έ‚Μ,‚Ζ‚ΰ‚Π‚±,61,σ–]‚Μ“},,³,1,η—t13‹ζ,1,”c¬R‚κ
‚Θ‚‚µ‚ά ‚©‚Έ‚ζ‚µ,1211,,“μΦ“,22,’·“‡,κ—R,‚Θ‚‚µ‚ά,‚©‚Έ‚ζ‚µ,50,σ–]‚Μ“},,³,1,_“ήμ1‹ζ,1,”c¬R‚κ
‚Ν‚µ‚ΰ‚Ζ ‚­‚έ,1212,,“μΦ“,22,‹΄–{,‹v”ό,‚Ν‚µ‚ΰ‚Ζ,‚­‚έ,48,σ–]‚Μ“},,V,0,_“ήμ2‹ζ,1,”c¬R‚κ
‚©‚΄‚ά ‚Μ‚θ‚±,1214,,“μΦ“,22,•—Τ,–@q,‚©‚΄‚ά,‚Μ‚θ‚±,47,σ–]‚Μ“},ΫV,V,0,_“ήμ4‹ζ,1,”c¬R‚κ
‚ζ‚µ‚¨‚© ‚―‚ρ‚¶,1215,,“μΦ“,22,‹g‰,›j,‚ζ‚µ‚¨‚©,‚―‚ρ‚¶,39,σ–]‚Μ“},,V,0,_“ήμ5‹ζ,1,”c¬R‚κ
‚©‚ν‚Μ ‚ ‚ρ,1216,,“μΦ“,22,μ–μ,Δ,‚©‚ν‚Μ,‚ ‚ρ,35,σ–]‚Μ“},,V,0,_“ήμ7‹ζ,1,”c¬R‚κ
‚Ά‚Ώ‚©‚ν ‚ζ‚µ‚±,1218,,“μΦ“,22,sμ,‰ΐq,‚Ά‚Ώ‚©‚ν,‚ζ‚µ‚±,53,σ–]‚Μ“},,V,0,_“ήμ10‹ζ,1,”c¬R‚κ
‚Ν‚η ‚Δ‚ι‚¨,1220,,“μΦ“,22,΄,‹P—Y,‚Ν‚η,‚Δ‚ι‚¨,43,σ–]‚Μ“},,V,0,_“ήμ12‹ζ,1,”c¬R‚κ
‚Ά‚µ‚©‚ν ‚ ‚Ά,1228,,“μΦ“,22,Ξμ,—•,‚Ά‚µ‚©‚ν,‚ ‚Ά,36,σ–]‚Μ“},,V,0,,30,”c¬R‚κ
‚¤‚Ώ‚β‚ά ‚ά‚³‚«,1229,,“μΦ“,22,“ΰR,³χ,‚¤‚Ώ‚β‚ά,‚ά‚³‚«,49,σ–]‚Μ“},,V,0,,31,”c¬R‚κ
‚ ‚«‚β‚ά ‚½‚―‚Π‚³,1230,,“μΦ“,22,HR,x‹v,‚ ‚«‚β‚ά,‚½‚―‚Π‚³,54,σ–]‚Μ“},,V,0,,32,”c¬R‚κ
‚³‚©‚Ά ‚ν‚©‚±,1250,,“‹,17,βδ,a‰Μq,‚³‚©‚Ά,‚ν‚©‚±,40,“ϊ–{‹¤Y“},,V,0,,7,”c¬R‚κ
‚ά‚Β‚΄‚ν ‚©‚¨‚ι,1254,,“‹,17,Ό‘ς,,‚ά‚Β‚΄‚ν,‚©‚¨‚ι,39,σ–]‚Μ“},,V,0,“‹1‹ζ,1,”c¬R‚κ
‚Ν‚Ζ‚β‚ά ‚½‚λ‚¤,1255,,“‹,17,”µR,‘ΎY,‚Ν‚Ζ‚β‚ά,‚½‚λ‚¤,43,σ–]‚Μ“},,V,0,“‹2‹ζ,1,”c¬R‚κ
‚Θ‚ρ‚Ξ ‚έ‚Ώ‚ζ,1257,,“‹,17,“ο”g,”ό’q‘γ,‚Θ‚ρ‚Ξ,‚έ‚Ώ‚ζ,43,σ–]‚Μ“},,V,0,“‹4‹ζ,1,”c¬R‚κ
‚¤‚¦‚ά‚Β ‚¦‚έ‚±,1259,,“‹,17,AΌ,b”όq,‚¤‚¦‚ά‚Β,‚¦‚έ‚±,49,σ–]‚Μ“},,V,0,“‹6‹ζ,1,”c¬R‚κ
‚ ‚η‚« ‚ ‚«‚Π‚λ,1260,,“‹,17,r–Ψ,Ν”,‚ ‚η‚«,‚ ‚«‚Π‚λ,64,σ–]‚Μ“},,V,0,“‹7‹ζ,1,”c¬R‚κ
‚½‚©‚ά‚Β ‚³‚Ζ‚µ,1262,,“‹,17,‚Ό,’q”V,‚½‚©‚ά‚Β,‚³‚Ζ‚µ,43,σ–]‚Μ“},,V,0,“‹9‹ζ,1,”c¬R‚κ
‚µ‚µ‚Η ‚Ώ‚¦,1264,,“‹,17,³Λ,ηG,‚µ‚µ‚Η,‚Ώ‚¦,39,σ–]‚Μ“},,V,0,“‹11‹ζ,1,”c¬R‚κ
‚β‚Ν‚¬ ‚ ‚³‚±,1265,,“‹,17,–ξμ,–ƒq,‚β‚Ν‚¬,‚ ‚³‚±,39,σ–]‚Μ“},,V,0,“‹14‹ζ,1,”c¬R‚κ
‚½‚ή‚η ‚―‚ρ‚¶,1267,,“‹,17,“c‘Ί,΅,‚½‚ή‚η,‚―‚ρ‚¶,49,σ–]‚Μ“},,³,3,“‹16‹ζ,1,”c¬R‚κ
‚Ι‚µ‚Ύ ‚Ώ‚©‚η,1268,,“‹,17,Ό“c,εΕ,‚Ι‚µ‚Ύ,‚Ώ‚©‚η,55,σ–]‚Μ“},,V,0,“‹17‹ζ,1,”c¬R‚κ
‚Ζ‚«‚½ ‚ ‚Β‚µ,1269,,“‹,17,“Ό“c,“Φ,‚Ζ‚«‚½,‚ ‚Β‚µ,51,σ–]‚Μ“},,V,0,“‹18‹ζ,1,”c¬R‚κ
‚³‚³‚« ‚θ‚©,1270,,“‹,17,²X–Ψ,—Ά‰Α,‚³‚³‚«,‚θ‚©,50,σ–]‚Μ“},,V,0,“‹19‹ζ,1,”c¬R‚κ
‚©‚Θ‚‚³‚« ‚¦‚έ,1273,,“‹,17,‹ΰƒPθ,G”ό,‚©‚Θ‚‚³‚«,‚¦‚έ,41,σ–]‚Μ“},,V,0,“‹22‹ζ,1,”c¬R‚κ
‚ζ‚µ‚Ξ ‚έ‚©,1275,,“‹,17,‹g‰H,”ό‰Ψ,‚ζ‚µ‚Ξ,‚έ‚©,37,σ–]‚Μ“},,V,0,“‹24‹ζ,1,”c¬R‚κ
‚±‚Ά‚Έ‚έ ‚Ζ‚µ‚ ‚«,1277,,“‹,17,¬ς,r–Ύ,‚±‚Ά‚Έ‚έ,‚Ζ‚µ‚ ‚«,60,σ–]‚Μ“},,³,3,,24,”c¬R‚κ
‚½‚Τ‚Ώ ‚ά‚³‚Σ‚έ,1279,,“‹,17,“c•£,³•¶,‚½‚Τ‚Ώ,‚ά‚³‚Σ‚έ,59,σ–]‚Μ“},,V,0,,26,”c¬R‚κ
‚Ά‚µ‚Ζ‚Ρ ‚©‚¨‚θ,1280,,“‹,17,Ξ”ς,D,‚Ά‚µ‚Ζ‚Ρ,‚©‚¨‚θ,34,σ–]‚Μ“},,V,0,,27,”c¬R‚κ
‚­‚λ‚©‚ν ‚­‚έ,1281,,“‹,17,•μ,φ”ό,‚­‚λ‚©‚ν,‚­‚έ,44,σ–]‚Μ“},,V,0,,28,”c¬R‚κ
‚Ν‚½ ‚¶‚λ‚¤,1282,,“‹,17,‰H“c,Y,‚Ν‚½,‚¶‚λ‚¤,48,σ–]‚Μ“},,V,0,,29,”c¬R‚κ
‚½‚―‚¤‚Ώ ‚Π‚Ρ‚«,1283,,“‹,17,’|“ΰ,΅“ϊ¶,‚½‚―‚¤‚Ώ,‚Π‚Ρ‚«,43,σ–]‚Μ“},,V,0,,30,”c¬R‚κ
‚­‚θ‚β‚ά ‚δ‚έ,1284,,“‹,17,IR,—R”ό,‚­‚θ‚β‚ά,‚δ‚έ,56,σ–]‚Μ“},,V,0,,31,”c¬R‚κ
‚ΰ‚θ‚ή‚η ‚Π‚λ‚ή,1286,,“‹,17,X‘Ί,L,‚ΰ‚θ‚ή‚η,‚Π‚λ‚ή,26,σ–]‚Μ“},,V,0,,33,”c¬R‚κ
‚µ‚α‚­ ‚θ‚ε‚¤‚±,1287,,“‹,17,ί,—Κq,‚µ‚α‚­,‚θ‚ε‚¤‚±,47,K•ΐ»“},,V,0,,1,”c¬R‚κ
‚Θ‚Θ‚έ ‚Π‚λ‚±,1288,,“‹,17,µC,‚Π‚λ‚±,‚Θ‚Θ‚έ,‚Π‚λ‚±,33,K•ΐ»“},,V,0,,2,”c¬R‚κ
‚·‚Έ‚« ‚Β‚ζ‚µ,1289,,“‹,17,—ι–Ψ,‹,‚·‚Έ‚«,‚Β‚ζ‚µ,38,K•ΐ»“},,V,0,,3,”c¬R‚κ
‚³‚©‚ΰ‚Ζ ‚θ‚γ‚¤‚Ά‚Ώ,1290,,“‹,17,β–{,—²κ,‚³‚©‚ΰ‚Ζ,‚θ‚γ‚¤‚Ά‚Ώ,67,K•ΐ»“},,V,0,,4,”c¬R‚κ
‚ ‚©‚¨ ‚δ‚έ,1292,,“‹,17,Τ”φ,—R”ό,‚ ‚©‚¨,‚δ‚έ,52,“ϊ–{‚Μ‚±‚±‚λ,,V,0,,1,”c¬R‚κ
‚ ‚ρ‚Η‚¤ ‚½‚©‚¨,1336,,“‹,17,ΐ“΅,‚•v,‚ ‚ρ‚Η‚¤,‚½‚©‚¨,58,©—R–―ε“},,V,0,,24,”c¬R‚κ
‚½‚©‚¬ ‚―‚Ά,1337,,“‹,17,‚–Ψ,[,‚½‚©‚¬,‚―‚Ά,52,©—R–―ε“},,V,0,,25,”c¬R‚κ
‚ζ‚³‚Μ ‚ά‚±‚Ζ,1338,,“‹,17,—^Σ–μ,M,‚ζ‚³‚Μ,‚ά‚±‚Ζ,42,©—R–―ε“},,V,0,,26,”c¬R‚κ
‚Ι‚µ‚Ύ ‚δ‚Έ‚ι,1340,,“‹,17,Ό“c,χ,‚Ι‚µ‚Ύ,‚δ‚Έ‚ι,42,©—R–―ε“},,³,1,,28,”c¬R‚κ
‚³‚Μ ‚Π‚Ε‚έ‚Β,1344,,“‹,17,²–μ,Gυ,‚³‚Μ,‚Π‚Ε‚έ‚Β,47,x­“}‚Θ‚µ,,V,0,,1,”c¬R‚κ
‚Ω‚ρ‚Η‚¤ ‚ ‚«‚±,1345,,“‹,17,–{“΅,Ίq,‚Ω‚ρ‚Η‚¤,‚ ‚«‚±,75,x­“}‚Θ‚µ,,V,0,,2,”c¬R‚κ
‚Θ‚©‚ή‚η ‚¨‚³‚ή,1346,,“‹,17,’†‘Ί,΅,‚Θ‚©‚ή‚η,‚¨‚³‚ή,64,x­“}‚Θ‚µ,,V,0,,3,”c¬R‚κ
‚¨‚¨‚Β‚« ‚Σ‚έ‚Π‚±,1347,,“‹,17,‘ε’Ξ,•¶•F,‚¨‚¨‚Β‚«,‚Σ‚έ‚Π‚±,50,x­“}‚Θ‚µ,,V,0,,4,”c¬R‚κ
‚ζ‚µ‚Ύ ‚©‚π‚ι,1353,,–k—¤M‰z,11,‹g“c,‚©‚π‚ι,‚ζ‚µ‚Ύ,‚©‚π‚ι,62,K•ΐ»“},,V,0,,1,”c¬R‚κ
‚µ‚η‚©‚ν ‚β‚·‚δ‚«,1354,,–k—¤M‰z,11,”’μ,N”V,‚µ‚η‚©‚ν,‚β‚·‚δ‚«,60,K•ΐ»“},,V,0,,2,”c¬R‚κ
‚Ν‚η ‚µ‚ρ‚¶,1355,,–k—¤M‰z,11,΄,L,‚Ν‚η,‚µ‚ρ‚¶,56,K•ΐ»“},,V,0,,3,”c¬R‚κ
‚Θ‚©‚‚ν ‚Π‚λ‚¶,1357,,–k—¤M‰z,11,’†μ,”i,‚Θ‚©‚‚ν,‚Π‚λ‚¶,59,Π‰ο–―ε“},,V,0,’·–μ2‹ζ,1,”c¬R‚κ
‚Θ‚©‚Ν‚η ‚β‚Ά‚Ώ,1379,,–k—¤M‰z,11,’†΄,”κ,‚Θ‚©‚Ν‚η,‚β‚Ά‚Ώ,58,©—R–―ε“},,V,0,,22,”c¬R‚κ
‚­‚θ‚Ν‚η ‚ζ‚¤‚¶,1381,,–k—¤M‰z,11,I΄,—mu,‚­‚θ‚Ν‚η,‚ζ‚¤‚¶,47,©—R–―ε“},,V,0,,24,”c¬R‚κ
‚±‚Ξ‚β‚µ ‚β‚·‚µ,1382,,–k—¤M‰z,11,¬—Ρ,–υ,‚±‚Ξ‚β‚µ,‚β‚·‚µ,57,©—R–―ε“},,V,0,,25,”c¬R‚κ
‚έ‚β‚΄‚ν ‚½‚©‚Π‚Ζ,1393,,–k—¤M‰z,11,‹{‘ς,—²m,‚έ‚β‚΄‚ν,‚½‚©‚Π‚Ζ,62,σ–]‚Μ“},,³,1,,11,”c¬R‚κ
‚³‚¦‚®‚³ ‚Π‚Ε‚Π‚±,1395,,–k—¤M‰z,11,O},‰p•F,‚³‚¦‚®‚³,‚Π‚Ε‚Π‚±,50,σ–]‚Μ“},,V,0,,13,”c¬R‚κ
‚Θ‚©‚Μ ‚½‚―‚µ,1412,,“C,21,’†–μ,•j,‚Θ‚©‚Μ,‚½‚―‚µ,43,“ϊ–{‹¤Y“},,V,0,,3,”c¬R‚κ
‚¨‚¨‚Μ ‚Π‚λ‚έ‚Β,1413,,“C,21,‘ε–μ,’υ,‚¨‚¨‚Μ,‚Π‚λ‚έ‚Β,54,“ϊ–{‹¤Y“},,V,0,,4,”c¬R‚κ
‚ΰ‚θ‚­‚Ι ‚Π‚Ε‚©‚Έ,1415,,“C,21,X‘,‰pa,‚ΰ‚θ‚­‚Ι,‚Π‚Ε‚©‚Έ,27,K•ΐ»“},,V,0,,1,”c¬R‚κ
‚Θ‚©‚Λ ‚Π‚λ‚έ,1416,,“C,21,’†,—T”ό,‚Θ‚©‚Λ,‚Π‚λ‚έ,43,K•ΐ»“},,V,0,,2,”c¬R‚κ
‚©‚Μ‚¤ ‚δ‚«‚Π‚±,1417,,“C,21,‰Α”[,—L‹P•F,‚©‚Μ‚¤,‚δ‚«‚Π‚±,57,K•ΐ»“},,V,0,,3,”c¬R‚κ
‚©‚Ζ‚¤ ‚½‚Β‚ζ‚µ,1419,,“C,21,‰Α“΅,—΄‹`,‚©‚Ζ‚¤,‚½‚Β‚ζ‚µ,65,K•ΐ»“},,V,0,,5,”c¬R‚κ
‚·‚Έ‚« ‚Μ‚Ό‚ή,1425,,“C,21,—ι–Ψ,–],‚·‚Έ‚«,‚Μ‚Ό‚ή,68,σ–]‚Μ“},,³,1,Γ‰3‹ζ,1,”c¬R‚κ
‚³‚Ζ‚¤ ‚δ‚¤‚±,1430,,“C,21,²“΅,—[q,‚³‚Ζ‚¤,‚δ‚¤‚±,54,σ–]‚Μ“},,³,1,¤’m1‹ζ,1,”c¬R‚κ
‚ζ‚² ‚³‚β‚©,1432,,“C,21,—]κ,α–λ,‚ζ‚²,‚³‚β‚©,39,σ–]‚Μ“},,V,0,¤’m3‹ζ,1,”c¬R‚κ
‚Μ‚Μ‚Χ ‚Θ‚¨‚ ‚«,1434,,“C,21,–μX•”,®Ί,‚Μ‚Μ‚Χ,‚Θ‚¨‚ ‚«,47,σ–]‚Μ“},,V,0,¤’m5‹ζ,1,”c¬R‚κ
‚Θ‚©‚Ή ‚Π‚λ‚δ‚«,1444,,“C,21,’†£,””V,‚Θ‚©‚Ή,‚Π‚λ‚δ‚«,52,σ–]‚Μ“},,V,0,,25,”c¬R‚κ
‚µ‚ά‚Ύ ‚±‚¤‚¶,1476,,“C,21,““c,Ki,‚µ‚ά‚Ύ,‚±‚¤‚¶,43,©—R–―ε“},,V,0,,31,”c¬R‚κ
‚Ά‚ά‚ή‚η ‚Π‚λ‚Σ‚έ,1477,,“C,21,΅‘Ί,—mj,‚Ά‚ά‚ή‚η,‚Π‚λ‚Σ‚έ,55,©—R–―ε“},,³,1,,32,”c¬R‚κ
‚Σ‚¶‚Ά ‚½‚©‚¨,1478,,“C,21,“΅δ,F’j,‚Σ‚¶‚Ά,‚½‚©‚¨,74,©—R–―ε“},,³,5,,33,”c¬R‚κ
‚©‚ν‚½ ‚½‚©‚µ,1479,,“C,21,μ“c,—²,‚©‚ν‚½,‚½‚©‚µ,60,©—R–―ε“},,³,1,,34,”c¬R‚κ
‚Ι‚µ‚Ύ ‚©‚Έ‚Μ‚Τ,1480,,“C,21,Ό“c,aL,‚Ι‚µ‚Ύ,‚©‚Έ‚Μ‚Τ,43,©—R–―ε“},,V,0,,35,”c¬R‚κ
‚±‚³‚© ‚ζ‚µ‚±,1497,,‹ί‹E,28,¬β,iq,‚±‚³‚©,‚ζ‚µ‚±,77,Π‰ο–―ε“},,V,0, ‰κ1‹ζ,1,”c¬R‚κ
‚δ‚έ‚Λ ‚½‚Ύ‚δ‚«,1537,,‹ί‹E,28,“’•υ,—”V,‚δ‚έ‚Λ,‚½‚Ύ‚δ‚«,57,©—R–―ε“},,V,0,,40,”c¬R‚κ
‚Ά‚Μ‚¤‚¦ ‚©‚Έ‚Μ‚θ,1561,,‹ί‹E,28,δγ,κ“Ώ,‚Ά‚Μ‚¤‚¦,‚©‚Έ‚Μ‚θ,55,σ–]‚Μ“},,V,0,‹“s5‹ζ,2,”c¬R‚κ
‚µ‚ά‚ή‚η ‚Ή‚Ά‚±,1565,,‹ί‹E,28,“‘Ί,Ήq,‚µ‚ά‚ή‚η,‚Ή‚Ά‚±,40,σ–]‚Μ“},,V,0,‹“s1‹ζ,3,”c¬R‚κ
‚Μ‚®‚Ώ ‚½‚―‚έ‚Β,1571,,‹ί‹E,28,–μϋ,Πυ,‚Μ‚®‚Ώ,‚½‚―‚έ‚Β,43,σ–]‚Μ“},,V,0,•ΊΙ4‹ζ,3,”c¬R‚κ
‚Ά‚­‚ή‚η ‚Θ‚¨‚±,1573,,‹ί‹E,28,τ‘Ί,“ή‰q,‚Ά‚­‚ή‚η,‚Θ‚¨‚±,37,σ–]‚Μ“},,V,0,•ΊΙ6‹ζ,3,”c¬R‚κ
‚©‚ν‚Ζ ‚β‚·‚µ,1575,,‹ί‹E,28,μΛ,Nk,‚©‚ν‚Ζ,‚β‚·‚µ,42,σ–]‚Μ“},,V,0,•ΊΙ9‹ζ,3,”c¬R‚κ
‚Β‚° ‚ ‚Β‚Π‚Ζ,1576,,‹ί‹E,28,’ΡA,ϊl,‚Β‚°,‚ ‚Β‚Π‚Ζ,45,σ–]‚Μ“},,V,0,•ΊΙ10‹ζ,3,”c¬R‚κ
‚ά‚Β‚ΰ‚Ζ ‚ά‚³‚δ‚«,1580,,‹ί‹E,28,Ό–{,Ή”V,‚ά‚Β‚ΰ‚Ζ,‚ά‚³‚δ‚«,34,σ–]‚Μ“},,V,0,“ή—Η2‹ζ,3,”c¬R‚κ
‚¨‚¨‚³‚ν ‚Ώ‚¦‚±,1584,,‹ί‹E,28,‘ε‘ς,ηbq,‚¨‚¨‚³‚ν,‚Ώ‚¦‚±,49,σ–]‚Μ“},,V,0,,25,”c¬R‚κ
‚Μ‚Θ‚© ‚±‚¤‚Ά‚Ώ,1585,,‹ί‹E,28,–μ’†,Ks,‚Μ‚Θ‚©,‚±‚¤‚Ά‚Ώ,54,σ–]‚Μ“},,V,0,,26,”c¬R‚κ
‚µ‚η‚Ά‚µ ‚¶‚γ‚ρ‚±,1586,,‹ί‹E,28,”’Ξ,ƒq,‚µ‚η‚Ά‚µ,‚¶‚γ‚ρ‚±,55,σ–]‚Μ“},,V,0,,27,”c¬R‚κ
‚¤‚―‚½ ‚µ‚γ‚¤‚Ά‚Ώ,1587,,‹ί‹E,28,Ώ“c,Cκ,‚¤‚―‚½,‚µ‚γ‚¤‚Ά‚Ώ,63,σ–]‚Μ“},,V,0,,28,”c¬R‚κ
‚ά‚Β‚µ‚ά ‚Π‚λ‚Μ‚θ,1588,,‹ί‹E,28,Ό“‡,O“T,‚ά‚Β‚µ‚ά,‚Π‚λ‚Μ‚θ,60,K•ΐ»“},,V,0,,1,”c¬R‚κ
‚έ‚Θ‚Ζ ‚δ‚¤‚±,1589,,‹ί‹E,28,–©,Πq,‚έ‚Θ‚Ζ,‚δ‚¤‚±,34,K•ΐ»“},,V,0,,2,”c¬R‚κ
‚Ι‚µ‚ΰ‚Ζ ‚ ‚Β‚µ,1590,,‹ί‹E,28,Ό–{,“Δ,‚Ι‚µ‚ΰ‚Ζ,‚ ‚Β‚µ,47,K•ΐ»“},,V,0,,3,”c¬R‚κ
‚½‚Θ‚© ‚½‚©‚±,1591,,‹ί‹E,28,“c’†,Fq,‚½‚Θ‚©,‚½‚©‚±,62,K•ΐ»“},,V,0,,4,”c¬R‚κ
‚Ά‚Έ‚έ ‚µ‚ε‚¤‚±,1592,,‹ί‹E,28,ς,Νq,‚Ά‚Έ‚έ,‚µ‚ε‚¤‚±,58,K•ΐ»“},,V,0,,5,”c¬R‚κ
‚δ‚ ‚³ ‚ζ‚¤‚±,1593,,‹ί‹E,28,–ϋσ,θρq,‚δ‚ ‚³,‚ζ‚¤‚±,30,K•ΐ»“},,V,0,,6,”c¬R‚κ
‚ή‚η‚©‚έ ‚Μ‚θ‚ ‚Β,1594,,‹ί‹E,28,‘Ίγ,‰κϊ,‚ή‚η‚©‚έ,‚Μ‚θ‚ ‚Β,58,—§›–―ε“},,V,0,‘εγ1‹ζ,1,”c¬R‚κ
‚µ‚¨‚έ ‚µ‚γ‚ρ‚¶,1603,,‹ί‹E,28,‰–©,r,‚µ‚¨‚έ,‚µ‚γ‚ρ‚¶,68,—§›–―ε“},,V,0,,10,”c¬R‚κ
‚Ά‚ά‚¦‚Ύ ‚¶‚ρ,1619,,’†‘,11,΅},m,‚Ά‚ά‚¦‚Ύ,‚¶‚ρ,47,“ϊ–{ΫV‚Μ‰ο,,V,0,L“‡3‹ζ,2,”c¬R‚κ
‚Ν‚Ώ‚β ‚Π‚λ‚έ,1622,,’†‘,11,–I’J,O”ό,‚Ν‚Ώ‚β,‚Π‚λ‚έ,61,σ–]‚Μ“},,V,0,‰R1‹ζ,1,”c¬R‚κ
‚¤‚Ώ‚β‚ά ‚ ‚«‚η,1624,,’†‘,11,“ΰR,W,‚¤‚Ώ‚β‚ά,‚ ‚«‚η,63,σ–]‚Μ“},,³,3,‰R3‹ζ,1,”c¬R‚κ
‚½‚ι‚Ά ‚ζ‚µ‚©‚Έ,1626,,’†‘,11,’Mδ,—Ηa,‚½‚ι‚Ά,‚ζ‚µ‚©‚Έ,50,σ–]‚Μ“},,³,1,‰R5‹ζ,1,”c¬R‚κ
‚¤‚¦‚Μ ‚©‚ρ‚¶,1628,,’†‘,11,γ–μ,°΅,‚¤‚¦‚Μ,‚©‚ρ‚¶,35,σ–]‚Μ“},,V,0,L“‡4‹ζ,1,”c¬R‚κ
‚Ν‚µ‚ΰ‚Ζ ‚±‚Ζ‚¦,1629,,’†‘,11,‹΄–{,‹ΥG,‚Ν‚µ‚ΰ‚Ζ,‚±‚Ζ‚¦,28,σ–]‚Μ“},,V,0,L“‡5‹ζ,1,”c¬R‚κ
‚Σ‚¶‚½ ‚Ζ‚«‚¨,1633,,’†‘,11,“΅“c,—Y,‚Σ‚¶‚½,‚Ζ‚«‚¨,63,σ–]‚Μ“},,V,0,Rϋ4‹ζ,1,”c¬R‚κ
‚β‚ά‚®‚Ώ ‚©‚Β‚β,1634,,’†‘,11,Rϋ,–η,‚β‚ά‚®‚Ώ,‚©‚Β‚β,53,σ–]‚Μ“},,V,0,,14,”c¬R‚κ
‚±‚­‚θ‚ε‚¤ ‚Τ‚ρ‚½,1635,,’†‘,11,‘—Μ,–L‘Ύ,‚±‚­‚θ‚ε‚¤,‚Τ‚ρ‚½,35,K•ΐ»“},,V,0,,1,”c¬R‚κ
‚³‚¦‚« ‚Ζ‚ΰ‚±,1636,,’†‘,11,²”,’mq,‚³‚¦‚«,‚Ζ‚ΰ‚±,38,K•ΐ»“},,V,0,,2,”c¬R‚κ
‚©‚Ζ‚¤ ‚―‚ρ‚½,1637,,’†‘,11,‰Α“΅,’‘Ύ,‚©‚Ζ‚¤,‚―‚ρ‚½,27,K•ΐ»“},,V,0,,3,”c¬R‚κ
‚Ά‚ν‚½ ‚½‚―‚µ,1641,,’†‘,11,β“c,„,‚Ά‚ν‚½,‚½‚―‚µ,36,“ϊ–{‹¤Y“},,V,0,,4,”c¬R‚κ
‚·‚¬‚½ ‚έ‚¨,1658,,’†‘,11,™“c,…–¬,‚·‚¬‚½,‚έ‚¨,50,©—R–―ε“},,³,1,,17,”c¬R‚κ
‚έ‚¤‚η ‚β‚·‚µ,1661,,’†‘,11,O‰Y,–υ,‚έ‚¤‚η,‚β‚·‚µ,44,©—R–―ε“},,V,0,,20,”c¬R‚κ
‚ ‚Ί‚ΰ‚Ζ ‚µ‚ε‚¤‚²,1662,,’†‘,11,l³,«α,‚ ‚Ί‚ΰ‚Ζ,‚µ‚ε‚¤‚²,59,©—R–―ε“},,V,0,,21,”c¬R‚κ
‚Ζ‚­‚ή‚η ‚¶‚γ‚ρ‚Ά‚Ώ‚λ‚¤,1663,,’†‘,11,“Ώ‘Ί,ƒκY,‚Ζ‚­‚ή‚η,‚¶‚γ‚ρ‚Ά‚Ώ‚λ‚¤,63,©—R–―ε“},,V,0,,22,”c¬R‚κ
‚Ά‚΄‚­‚η ‚β‚·‚µ,1664,,’†‘,11,δχ,Ni,‚Ά‚΄‚­‚η,‚β‚·‚µ,61,©—R–―ε“},,V,0,,23,”c¬R‚κ
‚Θ‚©‚Ι‚µ ‚θ‚¦,1670,,l‘,6,’†Ό,—b,‚Θ‚©‚Ι‚µ,‚θ‚¦,54,K•ΐ»“},,V,0,,1,”c¬R‚κ
‚ΰ‚ΰ‚½ ‚½‚¦‚±,1671,,l‘,6,““c,–­q,‚ΰ‚ΰ‚½,‚½‚¦‚±,57,K•ΐ»“},,V,0,,2,”c¬R‚κ
‚µ‚η‚©‚ν ‚ζ‚¤‚±,1672,,l‘,6,”’μ,—eq,‚µ‚η‚©‚ν,‚ζ‚¤‚±,51,“ϊ–{‹¤Y“},,V,0,,1,”c¬R‚κ
‚µ‚ά‚³‚« ‚β‚·‚¨‚έ,1673,,l‘,6,“‡θ,•Ϋb,‚µ‚ά‚³‚«,‚β‚·‚¨‚έ,34,“ϊ–{‹¤Y“},,V,0,,2,”c¬R‚κ
‚Σ‚½‚‚ν ‚Π‚λ‚β‚·,1688,,l‘,6,“ρμ,ON,‚Σ‚½‚‚ν,‚Π‚λ‚β‚·,43,©—R–―ε“},,V,0,,14,”c¬R‚κ
‚Ν‚β‚µ ‚¶‚γ‚ρ,1689,,l‘,6,—Ρ,,‚Ν‚β‚µ,‚¶‚γ‚ρ,45,©—R–―ε“},,³,1,,15,”c¬R‚κ
‚³‚­‚η‚¤‚Ώ ‚Σ‚έ‚«,1696,,l‘,6,χ“ΰ,•¶ι,‚³‚­‚η‚¤‚Ώ,‚Σ‚έ‚«,52,σ–]‚Μ“},,³,1,¤•Q4‹ζ,1,”c¬R‚κ
‚Σ‚¶‚¨‚© ‚©‚ζ‚±,1698,,l‘,6,“΅‰,‰ΐ‘γq,‚Σ‚¶‚¨‚©,‚©‚ζ‚±,52,σ–]‚Μ“},,V,0,,9,”c¬R‚κ
‚©‚ά‚¦ ‚Ά‚Α‚Ψ‚Ά,1699,,l‘,6,™],κ•½,‚©‚ά‚¦,‚Ά‚Α‚Ψ‚Ά,40,σ–]‚Μ“},,V,0,,10,”c¬R‚κ
‚δ‚©‚ν ‚©‚Έ‚δ‚«,1735,,‹γB,20,“’μ,κs,‚δ‚©‚ν,‚©‚Έ‚δ‚«,68,©—R–―ε“},,³,1,,32,”c¬R‚κ
‚Ι‚µ‚ή‚η ‚Ζ‚µ‚½‚©,1736,,‹γB,20,Ό‘Ί,r—²,‚Ι‚µ‚ή‚η,‚Ζ‚µ‚½‚©,62,©—R–―ε“},,V,0,,33,”c¬R‚κ
‚¨‚¨‚­‚Ϊ ‚Π‚Ε‚Μ‚θ,1737,,‹γB,20,‘ε‹v•Ϋ,G“T,‚¨‚¨‚­‚Ϊ,‚Π‚Ε‚Μ‚θ,63,©—R–―ε“},,V,0,,34,”c¬R‚κ
‚©‚ν‚©‚έ ‚½‚―‚µ,1738,,‹γB,20,μγ,’,‚©‚ν‚©‚έ,‚½‚―‚µ,55,©—R–―ε“},,V,0,,35,”c¬R‚κ
‚¦‚Θ‚Β ‚ά‚³‚Ζ‚µ,1739,,‹γB,20,]‰Δ,³•q,‚¦‚Θ‚Β,‚ά‚³‚Ζ‚µ,50,K•ΐ»“},,V,0,,1,”c¬R‚κ
‚ζ‚µ‚Ζ‚έ ‚©‚Έ‚¦,1740,,‹γB,20,‹g•y,a},‚ζ‚µ‚Ζ‚έ,‚©‚Έ‚¦,58,K•ΐ»“},,V,0,,2,”c¬R‚κ
‚Ζ‚έ‚©‚ν ‚Μ‚Ϊ‚ι,1741,,‹γB,20,•xμ,Έ,‚Ζ‚έ‚©‚ν,‚Μ‚Ϊ‚ι,74,K•ΐ»“},,V,0,,3,”c¬R‚κ
‚ά‚¦‚Ύ ‚±‚¤‚Ά‚Ώ,1742,,‹γB,20,‘O“c,_κ,‚ά‚¦‚Ύ,‚±‚¤‚Ά‚Ώ,46,K•ΐ»“},,V,0,,4,”c¬R‚κ
‚ά‚Β‚¨‚© ‚ά‚³‚ι,1757,,‹γB,20,Ό‰,,‚ά‚Β‚¨‚©,‚ά‚³‚ι,44,“ϊ–{‹¤Y“},,V,0,,4,”c¬R‚κ
‚β‚ά‚µ‚½ ‚©‚Ά,1758,,‹γB,20,R‰Ί,@,‚β‚ά‚µ‚½,‚©‚Ά,40,“ϊ–{‹¤Y“},,V,0,,5,”c¬R‚κ
‚Θ‚©‚ά ‚µ‚ε‚¤‚µ‚ρ,1765,,‹γB,20,’‡Τ,ΉM,‚Θ‚©‚ά,‚µ‚ε‚¤‚µ‚ρ,69,—§›–―ε“},,V,0,,6,”c¬R‚κ
‚Θ‚©‚β‚ά ‚Θ‚θ‚ ‚«,1767,,‹γB,20,’†R,¬•j,‚Θ‚©‚β‚ά,‚Θ‚θ‚ ‚«,74,σ–]‚Μ“},,³,7,,1,”c¬R‚κ
‚Ά‚µ‚Ά ‚Π‚Ε‚Ζ‚µ,1768,,‹γB,20,Ξδ,‰pr,‚Ά‚µ‚Ά,‚Π‚Ε‚Ζ‚µ,41,σ–]‚Μ“},,V,0,•‰1‹ζ,2,”c¬R‚κ
‚ή‚η‚©‚έ ‚Ζ‚ΰ‚Μ‚Τ,1774,,‹γB,20,‘Ίγ,’qM,‚ή‚η‚©‚έ,‚Ζ‚ΰ‚Μ‚Τ,48,σ–]‚Μ“},,V,0,•‰11‹ζ,2,”c¬R‚κ
‚β‚ά‚®‚Ώ ‚Ν‚Β‚έ,1777,,‹γB,20,Rϋ,‰›‰,‚β‚ά‚®‚Ώ,‚Ν‚Β‚έ,69,σ–]‚Μ“},,V,0,’·θ2‹ζ,2,”c¬R‚κ
‚Ν‚Θ‚ν ‚Ζ‚ΰ‚Σ‚έ,1783,,‹γB,20,‰Τ—Φ,’qj,‚Ν‚Θ‚ν,‚Ζ‚ΰ‚Σ‚έ,51,σ–]‚Μ“},,V,0,‹{θ3‹ζ,2,”c¬R‚κ
‚³‚Ά‚Ζ‚¤ ‚©‚ζ,1784,,‹γB,20,Φ“΅,‰ΐ‘γ,‚³‚Ά‚Ζ‚¤,‚©‚ζ,38,σ–]‚Μ“},,V,0,­™“‡2‹ζ,2,”c¬R‚κ
‚Θ‚έ‚« ‚±‚¤‚Ά‚Ώ,1786,,‹γB,20,•ΐ–Ψ,_κ,‚Θ‚έ‚«,‚±‚¤‚Ά‚Ώ,56,σ–]‚Μ“},,V,0,,20,”c¬R‚κ
‚ΰ‚θ‚½ ‚Ζ‚µ‚Σ‚έ,1787,,‹γB,20,X“c,r•¶,‚ΰ‚θ‚½,‚Ζ‚µ‚Σ‚έ,54,σ–]‚Μ“},,V,0,,21,”c¬R‚κ